case,task,candidate,scenario,status,completed,probe_self_check,adoption_comparable,process_exit_records,observed_process_starts,elapsed_seconds,recovery_process_seconds,llm_calls,input_tokens,output_tokens,tool_dispatches,actual_tool_executions,deduplicated_tool_receipts,repeated_semantic_tool_executions,effect_applications,loom_history_count,crash_window
01-t1-A-s0,t1,A,s0,completed,True,True,False,1,1,47.75,,4,98876,917,3,3,0,0,2,0,
02-t1-B-s2,t1,B,s2,completed,True,True,False,2,2,42.846,18.213,4,98883,652,3,3,0,0,2,0,after_confirmed_progress
03-t2-A-s1,t2,A,s1,completed,True,True,False,2,2,112.955,81.375,9,252257,1607,14,14,0,5,5,0,after_effect_before_receipt
04-t1-C-s2,t1,C,s2,completed,True,True,False,2,2,61.25,39.662,4,98854,658,3,3,0,0,2,7,after_confirmed_progress
05-t1-A-s2,t1,A,s2,completed,True,True,False,2,2,72.968,39.571,6,147354,889,5,5,0,2,3,0,after_confirmed_progress
06-t2-C-s1,t2,C,s1,interrupted_unknown,,,False,0,1,,,2,49423,282,4,4,0,0,0,0,
07-t2-C-s0,t2,C,s0,not_started,,,False,0,0,,,0,0,0,0,0,0,0,0,0,
08-t1-A-s1,t1,A,s1,not_started,,,False,0,0,,,0,0,0,0,0,0,0,0,0,
09-t1-B-s1,t1,B,s1,not_started,,,False,0,0,,,0,0,0,0,0,0,0,0,0,
10-t2-C-s2,t2,C,s2,not_started,,,False,0,0,,,0,0,0,0,0,0,0,0,0,
11-t2-B-s2,t2,B,s2,not_started,,,False,0,0,,,0,0,0,0,0,0,0,0,0,
12-t2-A-s0,t2,A,s0,not_started,,,False,0,0,,,0,0,0,0,0,0,0,0,0,
13-t2-A-s2,t2,A,s2,not_started,,,False,0,0,,,0,0,0,0,0,0,0,0,0,
14-t2-B-s0,t2,B,s0,not_started,,,False,0,0,,,0,0,0,0,0,0,0,0,0,
15-t1-B-s0,t1,B,s0,not_started,,,False,0,0,,,0,0,0,0,0,0,0,0,0,
16-t2-B-s1,t2,B,s1,not_started,,,False,0,0,,,0,0,0,0,0,0,0,0,0,
17-t1-C-s0,t1,C,s0,not_started,,,False,0,0,,,0,0,0,0,0,0,0,0,0,
18-t1-C-s1,t1,C,s1,not_started,,,False,0,0,,,0,0,0,0,0,0,0,0,0,
